,property_id,prop_type,price,baths_half,baths_full,beds,city,line,postal_code,state_code,county,building_size
0,M2856718331,condo,299000,0.0,2,2,Fresno,6300 N Palm Ave Unit 143,93704,CA,Fresno,1736
1,M1408850561,condo,59900,0.0,1,2,Fresno,4948 N Holt Ave Apt 103,93705,CA,Fresno,843
2,M2540488560,condo,145000,0.0,1,1,Fresno,7166 N Fruit Ave Apt 188,93711,CA,Fresno,884
3,M1036150871,condo,187000,1.0,2,3,Fresno,4727 Alamos Ave Unit 106A,93726,CA,Fresno,1649
4,M1030262852,condo,98500,0.0,1,2,Fresno,1550 W Ashlan Ave Apt 235,93705,CA,Fresno,864
5,M2332125660,condo,289000,0.0,2,3,Fresno,8735 N Cedar Ave Unit 138,93720,CA,Fresno,1415
6,M2344907878,condo,200000,0.0,2,2,Fresno,8147 N Cedar Ave Apt 215,93720,CA,Fresno,1141
7,M1409659040,condo,164000,0.0,1,2,Fresno,1216 Cobb Ave,93706,CA,Fresno,944
8,M1901420417,condo,129000,1.0,1,2,Fresno,5188 E Ashlan Ave Apt 123,93727,CA,Fresno,1207
9,M1159876799,condo,209000,0.0,2,3,Fresno,5455 N Marty Ave Apt 191,93711,CA,Fresno,1427
10,M2302424703,condo,219000,0.0,2,3,Fresno,8147 N Cedar Ave Apt 103,93720,CA,Fresno,1370
11,M2217483878,condo,169999,1.0,2,3,Fresno,4757 N Woodrow Ave Unit 115,93726,CA,Fresno,1360
12,M2775217715,condo,285000,0.0,2,2,Fresno,1726 W Calimyrna Ave Unit 5B,93711,CA,Fresno,1510
13,M1847927892,condo,105750,0.0,1,1,Fresno,2909 Huntington Blvd Apt 241,93721,CA,Fresno,696
14,M1214356608,condo,69000,0.0,1,1,Fresno,1190 S Winery Ave Unit 158,93727,CA,Fresno,509
15,M1839609331,condo,69000,0.0,1,1,Fresno,1190 S Winery Ave Unit 255,93727,CA,Fresno,802
16,M1214580204,condo,69000,0.0,1,1,Fresno,1190 S Winery Ave Unit 288,93727,CA,Fresno,509
17,M1213089566,condo,69000,0.0,1,1,Fresno,1151 S Chestnut Ave Unit 278,93702,CA,Fresno,661
18,M1837000715,condo,69000,0.0,1,1,Fresno,1151 S Chestnut Ave Unit 212,93702,CA,Fresno,690
19,M1837224310,condo,69000,0.0,1,1,Fresno,4860 E Lane Ave Unit 113,93727,CA,Fresno,690
20,M1193375883,condo,81500,0.0,1,2,Fresno,1715 W Clinton Ave Apt 104,93705,CA,Fresno,888
21,M1193860340,condo,75000,0.0,1,1,Fresno,1715 W Clinton Ave Apt 127,93705,CA,Fresno,720
22,M2163933089,condo,82000,1.0,1,2,Fresno,4136 N Thesta St Apt 11,93726,CA,Fresno,1056
23,M1258147090,condo,250000,0.0,2,2,Fresno,539 W Scott Ave,93704,CA,Fresno,1622
24,M1441260559,condo,184000,0.0,3,3,Fresno,2890 Huntington Blvd Apt 143,93721,CA,Fresno,1623
25,M2297170205,condo,205000,0.0,2,2,Fresno,8153 N Cedar Ave Apt 203,93720,CA,Fresno,1141
26,M1867147122,condo,179900,1.0,2,3,Fresno,4747 N Woodrow Ave Unit 137,93726,CA,Fresno,1374
27,M1856041871,condo,154900,0.0,2,3,Fresno,4875 N Backer Ave Unit 138,93726,CA,Fresno,1273
28,M1883469605,condo,135000,1.0,1,2,Fresno,4875 N Backer Ave Unit 107,93726,CA,Fresno,1080
29,M2317703740,condo,205000,0.0,2,2,Fresno,8153 N Cedar Ave Apt 210,93720,CA,Fresno,1111
30,M1468464697,condo,224950,0.0,3,2,Fresno,2890 Huntington Blvd Apt 167,93721,CA,Fresno,1623
31,M1337691624,condo,499000,0.0,3,3,Fresno,1596 E Green Sage Ave,93730,CA,Fresno,1819
32,M1034846563,condo,129987,1.0,2,2,Fresno,4919 N Millbrook Ave Apt 129,93726,CA,Fresno,1275
33,M1020201048,condo,289000,0.0,2,2,Fresno,5740 N West Ave Apt 101,93711,CA,Fresno,1732
34,M1011853477,condo,150000,0.0,1,2,Fresno,76 W Sierra Ave Apt 102,93704,CA,Fresno,951
35,M2098978551,condo,85000,0.0,2,2,Fresno,1027 W Dakota Ave Apt 107,93705,CA,Fresno,1046
36,M1153541589,condo,209000,0.0,2,3,Fresno,5455 N Marty Ave Apt 188,93711,CA,Fresno,1427
37,M1619093637,condo,235000,0.0,2,3,Fresno,1010 S Clovis Ave Apt 109,93727,CA,Fresno,1611
38,M2148199307,condo,117999,0.0,1,2,Fresno,1250 E Shaw Ave Apt 225,93710,CA,Fresno,1096
39,M9577579867,condo,145000,0.0,2,2,Fresno,3739 W Bullard Ave Apt 117,93711,CA,Fresno,1017
40,M1504214108,condo,84998,0.0,1,2,Fresno,1550 W Ashlan Ave Apt 138,93705,CA,Fresno,864
41,M1272606275,condo,179000,0.0,2,2,Fresno,5180 N Wishon Ave Apt 205,93704,CA,Fresno,1342
42,M1112660850,condo,239998,0.0,2,2,Fresno,5060 N Forkner Ave,93711,CA,Fresno,1453
43,M1973945869,condo,89900,0.0,2,2,Fresno,1151 S Chestnut Ave Unit 238,93702,CA,Fresno,1013
44,M2898887081,condo,101251,0.0,1,1,Fresno,2909 Huntington Blvd Apt 136,93721,CA,Fresno,696
45,M1020499175,condo,225000,0.0,2,3,Fresno,309 W Bullard Ave Apt 102,93704,CA,Fresno,1587
46,M1602696622,condo,95900,0.0,2,2,Fresno,1151 S Chestnut Ave Unit 239,93702,CA,Fresno,1013
47,M1160473054,condo,349999,0.0,2,3,Fresno,5505 N El Adobe Dr,93711,CA,Fresno,2481
48,M2832756330,condo,150000,0.0,1,3,Fresno,72 W Sierra Ave Apt 102,93704,CA,Fresno,951
49,M2835923935,condo,170000,0.0,2,3,Fresno,72 W Sierra Ave Apt 101,93704,CA,Fresno,1149
50,M1009692052,condo,255900,0.0,2,2,Fresno,6141 N West Ave Unit 112,93711,CA,Fresno,1340
51,M1961007498,condo,269900,0.0,2,2,Fresno,5084 N Forkner Ave,93711,CA,Fresno,1738
52,M1852278011,condo,140000,1.0,1,2,Fresno,4885 N Backer Ave Unit 107,93726,CA,Fresno,1080
53,M1876380179,condo,130000,1.0,1,2,Fresno,2881 Huntington Blvd Apt 153,93721,CA,Fresno,864
54,M1896426781,condo,138588,1.0,1,2,Clovis,5138 E Ashlan Ave Apt 109,93727,CA,Fresno,977
55,M1629688537,condo,105000,0.0,1,2,Fresno,4755 N Cedar Ave Apt 101,93726,CA,Fresno,944
56,M1209772898,condo,230000,1.0,2,3,Fresno,2890 Huntington Blvd Apt 122,93721,CA,Fresno,1875
57,M1031716224,condo,139900,0.0,1,2,Fresno,4504 N Valentine Ave Apt 115,93722,CA,Fresno,916
58,M1031269033,condo,109000,0.0,1,1,Fresno,4504 N Valentine Ave Apt 138,93722,CA,Fresno,748
59,M1189354160,condo,200000,0.0,2,3,Fresno,325 W Bullard Ave Apt 104,93704,CA,Fresno,1587
60,M2988464811,condo,151000,0.0,1,2,Fresno,3319 E S Cherry Ave,93706,CA,Fresno,940
61,M2096705328,condo,110000,0.0,2,2,Fresno,1027 W Dakota Ave Apt 106,93705,CA,Fresno,1046
62,M2047240889,condo,72000,1.0,1,2,Fresno,4136 N Thesta St Apt 30,93726,CA,Fresno,1056
63,M1222965041,condo,364950,0.0,2,2,Fresno,2555 W Bluff Ave Unit 140,93711,CA,Fresno,2322
64,M1217971405,condo,445000,1.0,1,2,Fresno,5098 E Ashlan Ave,93727,CA,Fresno,977
65,M1023778578,condo,150000,0.0,1,2,Fresno,1250 E Shaw Ave Apt 115,93710,CA,Fresno,1096
66,M1238433406,condo,125000,0.0,1,2,Fresno,5085 N Wishon Ave Apt 23,93704,CA,Fresno,841
67,M2799114781,condo,92000,1.0,1,2,Fresno,4875 E McKinley Ave Unit 114,93703,CA,Fresno,968
68,M1212791439,condo,64900,0.0,1,1,Fresno,1151 S Chestnut Ave Unit 110,93702,CA,Fresno,566
69,M1256679041,condo,3500000,0.0,2,3,Fresno,2895 E Nees Ave,93619,CA,Fresno,1662
70,M2791965103,condo,63900,0.0,1,1,Fresno,4860 E Lane Ave Unit 115,93727,CA,Fresno,566
71,M2197683499,condo,81999,0.0,2,2,Fresno,1190 S Winery Ave Unit 217,93727,CA,Fresno,1013
72,M1064863625,condo,66500,0.0,1,1,Fresno,4860 E Lane Ave Unit 239,93727,CA,Fresno,679
